questions,domain
What are bruises?,"accident, first aid"
How do I clean a wound?,"accident, first aid"
What should I keep in my first aid kit?,"accident, first aid"
How do I apply plasters and other dressings?,"accident, first aid"
How do I apply a bandage?,"accident, first aid"
Does my cut need stitches?,"accident, first aid"
How do I apply butterfly stitches?,"accident, first aid"
How should I care for my stitches?,"accident, first aid"
Can I get my stitches wet in the bath or shower?,"accident, first aid"
How long will my stitches (sutures) take to dissolve?,"accident, first aid"
How do I care for a wound treated with skin glue?,"accident, first aid"
How do I take a temperature?,"accident, first aid"
How do I check my pulse?,"accident, first aid"
How do I check someone's pulse?,"accident, first aid"
How do I know if I've broken a bone?,"accident, first aid"
How should I care for my plaster cast?,"accident, first aid"
How should I dispose of used needles or sharps?,"accident, first aid"
What should I do if I injure myself with a used needle?,"accident, first aid"
What should I do after contact with someone else's blood or saliva?,"accident, first aid"
What should I do if someone is choking?,"accident, first aid"
When can I fly after surgery?,"accident, first aid"
How long should I wear compression stockings to improve my circulation?,"accident, first aid"
Do I need a tetanus jab (vaccine) after an accident or injury?,"accident, first aid"
What is a food allergy?,allergy
What are the symptoms of a food allergy?,allergy
How are food allergies diagnosed?,allergy
How are food allergies treated?,allergy
What do I do now?,allergy
What is anal cancer?,cancer
How common is anal cancer?,cancer
Who does anal cancer affect?,cancer
What are the risk factors for anal cancer?,cancer
What causes anal cancer?,cancer
What are the symptoms of anal cancer?,cancer
How is anal cancer diagnosed?,cancer
What are the treatments for anal cancer?,cancer
What are the complications or side effects of anal cancer treatment?,cancer
How can you prevent anal cancer?,cancer
What is the prognosis / outlook for patients who have anal cancer?,cancer
When should you contact your healthcare provider with concerns about anal cancer?,cancer
Where can you find help if you have anal cancer?,cancer
What is a brain tumor?,cancer
How common are brain tumors?,cancer
Who is affected by brain tumors?,cancer
What are the types of brain tumors?,cancer
What causes a brain tumor?,cancer
What are the symptoms of a brain tumor?,cancer
How is a brain tumor diagnosed?,cancer
What are the treatments for a brain tumor?,cancer
What are the complications associated with a brain tumor?,cancer
How can you prevent a brain tumor?,cancer
Who is at risk of developing a brain tumor?,cancer
What's the outlook for people with a brain tumor?,cancer
When should I see a healthcare provider about a possible brain tumor?,cancer
What questions should I ask my doctor?,cancer
What is cancer?,cancer
What is cancer staging?,cancer
What are the causes of cancer?,cancer
What are the symptoms of cancer?,cancer
How is cancer diagnosed?,cancer
What are the treatments for cancer?,cancer
What are the side effects of cancer treatments?,cancer
What happens after my cancer treatment ends?,cancer
What other resources are available to deal with cancer?,cancer
What is leukemia?,cancer
What is bone marrow?,cancer
How does leukemia develop? How does leukemia affect the body?,cancer
Are there different types of leukemia?,cancer
How common is leukemia?,cancer
What causes leukemia?,cancer
Who gets leukemia? Are certain people at higher risk for developing leukemia?,cancer
Does leukemia run in families? Can leukemia be inherited?,cancer
What are the symptoms of leukemia?,cancer
How is leukemia diagnosed?,cancer
How is leukemia treated?,cancer
What are the stages of leukemia treatment?,cancer
What outcome can I expect if I have a diagnosis of leukemia?,cancer
Can leukemia be cured?,cancer
How often will I need to see my healthcare team after treatment?,cancer
What questions should I ask my doctor and healthcare team after I’ve been diagnosed with leukemia?,cancer
Are there clinical trials for leukemia?,cancer
Which of the following test is not used to detect prostate cancer?,cancer
When do I need a fit note?,"caring, carers"
Can I get a fit note without seeing a GP?,"caring, carers"
Can I go back to work before the end date on my fit note?,"caring, carers"
Can I speak to a GP about someone else's health?,"caring, carers"
Can I pick up a prescription for someone else?,"caring, carers"
How long do babies carry their mother's immunity?,children's health
What should I do if I think my baby is allergic or intolerant to cows' milk?,children's health
How much salt do babies and children need?,children's health
How can I keep my baby safe during hot weather?,children's health
Can my baby go swimming before or after vaccinations?,children's health
How many calories does a child of 7 to 10 need?,children's health
Should my child drink alcohol?,children's health
Can I give my child painkillers?,children's health
Can I give my child paracetamol and ibuprofen at the same time?,children's health
Can I give my child paracetamol or ibuprofen with cough or cold medicines?,children's health
How old do you have to be to buy medicine?,children's health
Can I stay with my child in hospital?,children's health
How many calories do teenagers need?,children's health
What is a kidney stone?,condition
What are the most common types of kidney stones?,condition
How does a kidney stone pass through my urinary tract?,condition
How long does it take to form a kidney stone?,condition
"If I have multiple kidney stones, are they all made of the same substances?",condition
Who is most likely to experience kidney stones?,condition
What are the risk factors for developing kidney stones?,condition
What are the signs and symptoms of kidney stones?,condition
How are kidney stones diagnosed?,condition
How are kidney stones treated?,condition
How long does it take to pass a kidney stone?,condition
Does cranberry juice help with kidney stones?,condition
Does apple cider vinegar help with kidney stones?,condition
Does lemon juice help with kidney stones?,condition
How can kidney stones be prevented?,condition
Should I cut calcium out of my diet if I develop calcium oxalate kidney stones?,condition
What other things can I eat or drink to prevent kidney stones?,condition
Should I drink soda and coffee if I have kidney stones?,condition
What is the outlook for kidney stones?,condition
Can a large kidney stone cause an injury?,condition
How long does pain last after you pass a kidney stone?,condition
What are hemorrhoids?,condition
How common are hemorrhoids?,condition
Who might get hemorrhoids?,condition
What are the types of hemorrhoids?,condition
What’s the difference between hemorrhoids and anal fissures?,condition
What causes hemorrhoids?,condition
What are the symptoms of hemorrhoids?,condition
What other conditions cause hemorrhoid-type symptoms?,condition
How are hemorrhoids diagnosed?,condition
What are the complications of hemorrhoids?,condition
How can I treat hemorrhoids at home?,condition
How do healthcare providers treat hemorrhoids?,condition
How can I prevent hemorrhoids?,condition
What is the prognosis (outlook) for people who have hemorrhoids?,condition
When should I call the doctor?,condition
What questions should I ask my doctor?,condition
What is asthma?,condition
Who is affected by asthma?,condition
What causes asthma?,condition
What are the most common asthma triggers?,condition
How is asthma diagnosed?,condition
How is asthma treated?,condition
What is the outlook for someone with asthma?,condition
What is an asthma action plan?,condition
What is coronavirus?,coronavirus
How many people are infected with COVID-19?,coronavirus
How does the new coronavirus (COVID-19) spread from person to person?,coronavirus
How long is a person infected with COVID-19 considered contagious?,coronavirus
How soon after becoming infected with COVID-19 will I develop symptoms?,coronavirus
Who is most at risk for getting COVID-19?,coronavirus
Have certain ethnic groups been harder hit by COVID-19?,coronavirus
"If I recover from a case of COVID-19, can I be infected again?",coronavirus
Where do coronaviruses come from?,coronavirus
What are the symptoms of the novel coronavirus (COVID-19) infection?,coronavirus
How is coronavirus diagnosed?,coronavirus
When should I be tested for the coronavirus (COVID-19)?,coronavirus
"If I have a positive test for coronavirus, how long should I self-isolate?",coronavirus
How long do I need to isolate myself if I’ve been around a person with COVID-19?,coronavirus
Is it possible to test negative for COVID-19 and still be infected with the virus?,coronavirus
What medications are currently approved to treat COVID-19?,coronavirus
What treatments do people receive if they have COVID-19?,coronavirus
What other medications have been given FDA emergency use approval for treating COVID-19?,coronavirus
What vaccines are in use or in late-stage development to prevent COVID-19?,coronavirus
"If I’ve tested positive for COVID-19 and do not need hospitalization, what can I do to best manage my symptoms at home?",coronavirus
How can I prevent getting the novel coronavirus (COVID-19)?,coronavirus
Should I wear a face mask?,coronavirus
Can pets catch the cold?,coronavirus
Is the Common Cold an Immune Overreaction?,coronavirus
Can Coronaviridae mutate into something as dangerous as Flioviridae?,coronavirus
How exactly does alcohol solution kill or neutralize viruses?,coronavirus
What are the environmental conditions for SARS-CoV-2 to survive?,coronavirus
Why would a 2019-nCoV protein sequence in the NCBI database match a protein submitted in 2018?,coronavirus
"How does a Coronavirus ""test kit"" work?",coronavirus
How are lipid-coated mRNA-based vaccines transported into cells for expression?,coronavirus
What is the size (diameter) of the SARS-CoV-2 virus?,coronavirus
Does the genetic sequence of SARS-CoV-2 end with 33 A's?,coronavirus
"Is COVID-19 claimed to get less deadly over time? If so, why?",coronavirus
How many times has SARS-CoV-2 mutated?,coronavirus
Ratio of bleach to water required to disinfect COVID-19?,coronavirus
What's the evidence against SARS-CoV-2 being engineered by humans?,coronavirus
Are all emerging viral diseases of the past 100 years zoonoses?,coronavirus
Does a higher body temperature slow the corona virus down?,coronavirus
Can COVID-19 affect a person a second time?,coronavirus
What gene targets associated with the new coronavirus (SARS-CoV-2) have been identified so far?,coronavirus
"Why don't anti-viral drugs like ""Acyclovir"" work against coronaviruses?",coronavirus
Where can I find the genome of the L-strain coronavirus and the S-strain coronavirus?,coronavirus
"Why does increased humidity decrease coronavirus ""survival""?",coronavirus
Is COVID-19 more deadly than swine flu?,coronavirus
Can you be infected by two coronaviruses at once?,coronavirus
How are antibodies specific for a disease detected in the blood if everybody produces a different antibody for the same antigen?,coronavirus
Can you be immune to a coronavirus?,coronavirus
Are there any documented instances of coronaviruses being directly transmitted from bats to humans?,coronavirus
Roughly speaking how stable are short sections of single-stranded RNA in exposed environments compared to double-stranded DNA?,coronavirus
is it possible to visualize coronavirus infection and what type of assays are routinely used?,coronavirus
What are the difficulties/challenges against developing a coronavirus vaccine?,coronavirus
Can someone donate antibodies?,coronavirus
Can an infectious diseases come from a plant?,coronavirus
Is touching or inhaling 70% isopropyl alcohol dangerous to humans?,coronavirus
Has there even been a clinical study where healthy volunteers consented to be infected with a pathogen?,coronavirus
Why don't we build up an immunity to sore throat?,coronavirus
What's the purpose of segregating a virus from the blood and growing it in the lab?,coronavirus
Is it possible to artificially induce a 40å¡C fever in a controlled and safe manner?,coronavirus
Can coronavirus contaminate public water systems?,coronavirus
How to obtain virus samples?,coronavirus
Do Angiotensin II Receptor Blockers (ARBs) or other factors control the level of ACE2 expression? [coronavirus receptor],coronavirus
How do wild animals get rabies?,coronavirus
What percentage of individuals infected with COVID-19 don't have symptoms?,coronavirus
Can stomach acid destroy a virus?,coronavirus
Is Covid-19 likely to mutate into a deadlier form?,coronavirus
How is the protease inhibited by lopinavir different in SARS-CoV-2 compared to SARS-CoV?,coronavirus
Are virus strains different viruses?,coronavirus
Will there ever be a universal vaccine for the common cold?,coronavirus
Does COVID-19 have a case fatality rate of 41%? Is this formula correct?,coronavirus
What are the actual symptoms of the common cold?,coronavirus
Did I catch a cold from eating unwashed fruit?,coronavirus
Is Coronavirus transmission affected by the season of the host country / hemisphere?,coronavirus
Are motorcycle helmets effective in preventing Corona?,coronavirus
What protects Chinese provinces other than Hubei from COVID-19 outbreak?,coronavirus
Why getting off the transport where person has coughed is not going to help?,coronavirus
Is Coronavirus (Covid-19) considered a pandemic?,coronavirus
Will 70% isopropyl alcohol deactivate i.e. kill COVID-19?,coronavirus
Can the Coronavirus be spread via public toilet seats?,coronavirus
How can immunity be developed without a vaccine? (re Merkel's speech),coronavirus
How accurate are coronavirus tests?,coronavirus
Is the washing hands in order to protect yourself from COVID-19 backed up by research?,coronavirus
Do vaccines slow the spread of disease or do they reduce the severity of the disease?,coronavirus
Why are virus all destructive in nature?,coronavirus
Could an infinitesimal amount of Covid-19 be used to trigger immune response?,coronavirus
Is there a way to test for covid 19 after recovery?,coronavirus
Could increased testing for COVID-19 slow its spread enough to allow the relaxation of social distancing measures?,coronavirus
Why do corticosteroids harm COVID-19 patients?,coronavirus
How would the tuberculosis vaccine (BCG) decrease severity of COVID-19?,coronavirus
Does microwave kill coronavirus?,coronavirus
Is there any upside of using N95 masks instead of N99 or N100 to protect against COVID-19?,coronavirus
Why is a (simple) mask not recommended for asymptomatic COVID-19 patients?,coronavirus
Can SARS-CoV-2 be a potential cause for Guillain-BarrÌ© syndrome?,coronavirus
With regard to COVID-19 what happens to droplets after coughing or sneezing?,coronavirus
Would the human seasonal coronaviruses be just as deadly as COVID-19 in a population with no prior immunity?,coronavirus
"If I get COVID-19, can I still drink coffee?",coronavirus
Is there a way to catch the SARS-COV-2 virus safely? (as in a poor man's vaccine),coronavirus
Why are dermatologists working on coronavirus cases?,coronavirus
How mutable is COVID-19?,coronavirus
Why are people so worried about 2019-nCoV?,coronavirus
Who came up with the SARS-CoV-2 name?,coronavirus
"Having tested positive for COVID-19, will future tests be positive?",coronavirus
Why are there disproportionate deaths from new York to Washington?,coronavirus
Why are people with COVID-19 symptoms being denied tests in the US?,coronavirus
Why has the African region not seen many Covid-19 cases so far?,coronavirus
Why does COVID-19 appear more infectious than SARS?,coronavirus
Which tests for Coronavirus/COVID19 are available and why seem they be so different?,coronavirus
Why is the Seegene COVID molecular genetic test not approved by the FDA?,coronavirus
Self quarantine for travel in Europe?,coronavirus
How does a sanding mask compare with a disposable medical mask?,coronavirus
Is there an estimate of how many people infected with SARS-CoV-2 are asymptomatic?,coronavirus
Would a COVID-19 controlled burn facilitate herd immunity?,coronavirus
How effective are bleach or ozonated water at killing covid19?,coronavirus
Can oseltamivir shorten the duration of COVID-19 and inhibit replication and transmission of the SARS-CoV-2 (2019-nCoV) virus?,coronavirus
Are there reliable studies on the viability of the SARS-CoV-2 virus with respect to temperature?,coronavirus
"If I get covid-19, can I get cured by myself?",coronavirus
Can CPAP devices connected with oxygen sources be used as ventilators?,coronavirus
ACE2 Inhibition as therapeutic candidate?,coronavirus
What is the best protocol and criteria or policy for COVID-19 novel coronavirus testing?,coronavirus
What percentage of otherwise asymptomatic covid-19 cases are presenting just with anosmia?,coronavirus
Can bedbugs transmit the COVID-19 virus from person to person?,coronavirus
When could chloroquine and hydroxychloroquine be widely available for Covid-19 treatment?,coronavirus
How long can SARS-CoV-2 persist on surfaces?,coronavirus
Why recovered patients develop lung disease due Covid-19?,coronavirus
What's the best time of year to purposely contract COVID?,coronavirus
Why doesn't WHO think wearing mask is protection measure for COVID-19?,coronavirus
Why don't we take a random sample of the population to estimate the amount of COVID-19 cases?,coronavirus
How likely is it to develop pneumonia as a result of COVID-19?,coronavirus
What are the recommendations for interacting with vulnerable people during the COVID-19 pandemic?,coronavirus
Would symptoms differ from eating virus contaminated food versus breathing in virus?,coronavirus
Does bleach have to be diluted to be more effective to kill virus?,coronavirus
Has the Covid-19 prevalence study on entire population of VÌ_ been formally published somewhere?,coronavirus
How does SARS-CoV-2 spread from cell to cell in the lung?,coronavirus
What is the main way COVID-19 spreads?,coronavirus
Is it possible to get Covid-19 and have 0 symptoms along the complete journey and hence cure by yourself without knowing?,coronavirus
"Is it possible that COVID-19 virus exist in a human body, but be absent from samples taken from nose and back of throat?",coronavirus
Can Ultrasound be a possible solution to treat COVID-19 virus?,coronavirus
How is Lopinavir + Ritonavir expected to stop COVID-19?,coronavirus
How quickly would boiling water kill coronavirus?,coronavirus
"Is there a virus from which humans can recover, but which doesn't grant long lasting immunity?",coronavirus
When can mechanical ventilation be performed without intubation?,coronavirus
What happens to viruses that causes them to die?,coronavirus
How can I clean an anesthesia machine after a Covid-19 patient?,coronavirus
Can COVID-19 be damaging lung without showing fever?,coronavirus
"If someone catches COVID-19 in a country where the number of deaths and new infections are slowing, would their symptoms be milder?",coronavirus
"Are the conclusions in ""The proximal origin of SARS-CoV-2"" legit?",coronavirus
"A new paper suggests the Corona Virus has ""Uncanny similarity of unique inserts in the 2019-nCoV spike protein to HIV-1"" - What does this mean?",coronavirus
Is it possible for coronavirus or SARS to be synthetic?,coronavirus
"Calculating the mortality rate of a pandemic, e.g. coronavirus 2019-nCov?",coronavirus
"Why does the FASTA sequence for coronavirus look like DNA, not RNA?",coronavirus
Coronavirus RNA structures?,coronavirus
Why doesn't water wash off the coronavirus alone?,coronavirus
Is there a way to calculate the riskiest places to be infected by COVID-19?,coronavirus
Mother milk of 6 Corona-positive (COVID-19) women does not contain the virus - can we make a confidence statement about this?,coronavirus
Gyms nationawide are closed due to COVID-19. What is the best way to continue training for a powerlifting competition?,coronavirus
How to get 5-year-old to consistently cover mouth when couging?,coronavirus
How does COVID-19 spread?,coronavirus
What are the symptoms of COVID-19?,coronavirus
How do I know if it is COVID-19 or just the common flu?,coronavirus
Can the virus that causes COVID-19 be transmitted through the air?,coronavirus
What can I do to protect myself and prevent the spread of disease?,coronavirus
I am well and asymptomatic. Should I use a mask?,coronavirus
How likely am I to catch COVID-19?,coronavirus
Are pregnant women more susceptible to the COVID-19 virus and will it harm the fetus?,coronavirus
What is the risk of my child becoming sick with COVID-19?,coronavirus
Are the symptoms of COVID-19 different in children than in adults?,coronavirus
Should I worry about COVID-19?,coronavirus
Who is at risk of developing severe illness?,coronavirus
Are antibiotics effective in preventing or treating COVID-19?,coronavirus
Are there any medicines or therapies that can prevent or cure COVID-19?,coronavirus
"Is there a vaccine, drug or treatment for COVID-19?",coronavirus
Should I wear a mask to protect myself from catching the COVID-19 virus?,coronavirus
Until when should I wear a mask after recovering from an illness with respiratory symptoms?,coronavirus
I am looking after someone who is ill with suspect or confirmed COVID-19. What precautions should I take?,coronavirus
How long is the incubation and transmission period for COVID-19?,coronavirus
Can humans become infected with the COVID-19 from an animal source?,coronavirus
How long does the virus survive on surfaces?,coronavirus
How can I get tested for COVID-19?,coronavirus
What alternatives do I have if there are no hand sanitizers available?,coronavirus
Can people who recover from COVID-19 be infected again?,coronavirus
Is it safe to receive a package from an area where COVID-19 has been reported?,coronavirus
Is there a connection between COVID -19 and environment temperature?,coronavirus
"Can I catch the virus from being in an enclosed space (i.e. bus, subway) in close proximity to someone who doesn't have respiratory symptoms?",coronavirus
Should I start avoiding people of Asian descent and their businesses?,coronavirus
"When should we identify ourselves as ""being sick"" and stay at home?",coronavirus
What can we do if we don't have any hand sanitizers in the office building?,coronavirus
What is the process for evaluating the criticality of official travels and meetings?,coronavirus
Does the UN have any specific guidelines for meeting / mass gathering organizers andparticipants during the COVID-19 outbreak?,coronavirus
I plan to travel to / have a meeting in countries or territories currently experiencinglocal transmission of COVID-19. Should I cancel this travel/meeting?,coronavirus
"What is the protocol for staff members returning to work after visiting COVID-19 affected countries (i.e., those with ongoing transmission)?",coronavirus
I just returned from travel to a country/area experiencing local transmission of COVID-19. I am well and have no symptoms. Can I go back to the workplace?,coronavirus
What about self-quarantining after returning from an area/country of high prevalence?,coronavirus
Have medical insurance related questions?,coronavirus
What are the latest protocols and guidance for Medical Evacuation of staff members with severe respiratory infections related to COVID-19?,coronavirus
Can CoVID-19 be caught from a person who has no symptoms,coronavirus
How likely am I to catch COVID-,coronavirus
Is COVID-19 the same as SARS,coronavirus
How to put on use take off and dispose of a mask,coronavirus
How long is the incubation period for COVID-,coronavirus
Can humans become infected with the COVID-19 from an animal source,coronavirus
Can I catch COVID-19 from my pet,coronavirus
Is there anything I should not do?,coronavirus
Will warm weather stop the outbreak of COVID-19?,coronavirus
What is community spread?,coronavirus
Can mosquitoes or ticks spread the virus that causes COVID-19?,coronavirus
"Why is the disease being called coronavirus disease 2019, COVID-19?",coronavirus
Is it okay for me to donate blood?,coronavirus
"Am I at risk for COVID-19 from mail, packages, or products?",coronavirus
Should I use soap and water or hand sanitizer to protect against COVID-19?,coronavirus
Can someone test negative and later test positive on a viral test for COVID-19?,coronavirus
How can I prepare for COVID-19 at work?,coronavirus
Should I be tested for a current infection?,coronavirus
What will happen with my personal information during contact tracing?,coronavirus
Who is considered a close contact to someone with COVID-19?,coronavirus
Am I considered a close contact if I was wearing a mask?,coronavirus
"Can I get COVID-19 from food (including restaurant take-out, produce, refrigerated, or packaged food) or drinking water?",coronavirus
Can the virus that causes COVID-19 spread through treated drinking water?,coronavirus
Is the virus that causes COVID-19 found in feces (stool)?,coronavirus
Can the COVID-19 virus spread through sewerage systems?,coronavirus
Should wastewater workers take extra precautions to protect themselves from the virus that causes COVID-19?,coronavirus
Can the virus that causes COVID-19 spread to people through the water in saltwater pools?,coronavirus
Which foods cause tooth decay?,dental health
Why should I use dental floss?,dental health
Why should I use interdental brushes?,dental health
"What are dentures, bridges, veneers and dental implants made of?",dental health
How much will I pay for NHS dental treatment?,dental health
How do I complain about my dental treatment?,dental health
What is gastritis?,digestive issues
What’s the difference between gastritis and indigestion?,digestive issues
How common is gastritis?,digestive issues
Who might get gastritis?,digestive issues
What are the types of gastritis?,digestive issues
What causes gastritis?,digestive issues
What are the symptoms of gastritis?,digestive issues
Is gastritis contagious?,digestive issues
How is gastritis diagnosed?,digestive issues
How is gastritis treated?,digestive issues
What are the complications of gastritis?,digestive issues
How can I prevent gastritis?,digestive issues
What is the prognosis (outlook) for people with gastritis?,digestive issues
When should I call the doctor?,digestive issues
What questions should I ask my doctor?,digestive issues
When should you seek medical attention for abnormal menstruation (periods)?,diseases
What are the symptoms of abnormal sense of taste and smell?,diseases
What causes abnormal sense of taste and smell?,diseases
How are these diseases diagnosed?,diseases
What are the treatments of taste and smell disorders?,diseases
What is acne?,diseases
Who does acne affect?,diseases
Where does acne most commonly occur?,diseases
What are the different types of acne?,diseases
What causes acne?,diseases
Does chocolate cause acne?,diseases
Why do so many teenagers get acne?,diseases
Do certain foods cause acne?,diseases
Can acne cause scars?,diseases
How is acne diagnosed?,diseases
How severe can acne get?,diseases
How is acne treated?,diseases
Do I need to see a specialist?,diseases
What should I do while waiting to see a dermatologist?,diseases
Can acne be prevented?,diseases
What can I expect if I’ve been diagnosed with acne?,diseases
Are there any special concerns for women of childbearing age with acne?,diseases
When should I see my healthcare provider about my acne?,diseases
What questions should I ask my healthcare provider about acne?,diseases
What is alcohol intolerance?,diseases
How common is alcohol intolerance?,diseases
Is alcohol intolerance the same as an alcohol allergy?,diseases
Is alcohol intolerance the same as being intoxicated?,diseases
Who might have alcohol intolerance?,diseases
What causes alcohol intolerance?,diseases
What are symptoms of alcohol intolerance?,diseases
How is alcohol intolerance diagnosed?,diseases
Is there a cure for alcohol intolerance?,diseases
How is alcohol intolerance treated?,diseases
How can I prevent alcohol intolerance?,diseases
Can I continue to drink alcohol if I have alcohol intolerance?,diseases
How long will I have alcohol intolerance?,diseases
How can I learn to live with alcohol intolerance?,diseases
What is alopecia areata?,diseases
Who gets alopecia areata?,diseases
What are the causes and symptoms of alopecia areata?,diseases
How is alopecia areata treated?,diseases
What is alopecia areata?,diseases
Who gets alopecia areata?,diseases
What are the causes and symptoms of alopecia areata?,diseases
How is alopecia areata treated?,diseases
What is chickenpox?,diseases
How is chickenpox spread?,diseases
What are the symptoms of chickenpox?,diseases
How is chickenpox diagnosed?,diseases
How can I help my child get well?,diseases
What if my baby gets chickenpox?,diseases
What complications are possible with chickenpox?,diseases
Who is more likely to have complications from chickenpox?,diseases
Can my child get a shot to prevent chickenpox?,diseases
What should I know about the chickenpox vaccine?,diseases
Who should not get the chickenpox vaccine?,diseases
Can adults get chickenpox?,diseases
What are shingles?,diseases
Is there a vaccine for shingles?,diseases
Who should be vaccinated with Shingrix?,diseases
Who should not be vaccinated with Shingrix?,diseases
When should you call your healthcare provider if your child has chickenpox?,diseases
When can my child go back to school?,diseases
Where can I learn more about chickenpox and vaccines?,diseases
What is dementia?,diseases
Who gets dementia?,diseases
What are the types of dementia?,diseases
What causes dementia?,diseases
What are the symptoms of dementia?,diseases
How is dementia diagnosed?,diseases
Is dementia treatable?,diseases
What medications are available to treat dementia?,diseases
Can dementia be prevented?,diseases
When should you see your doctor?,diseases
What is Ebola?,diseases
How do you get Ebola?,diseases
What are the symptoms of Ebola?,diseases
How is Ebola diagnosed?,diseases
How is Ebola treated?,diseases
Can Ebola be cured?,diseases
Are there long-term effects of Ebola?,diseases
When should I get medical care?,diseases
What is malaria?,diseases
How common is malaria?,diseases
Where does malaria usually occur?,diseases
Who might get malaria?,diseases
What causes malaria?,diseases
What are the symptoms of malaria?,diseases
How is malaria diagnosed?,diseases
How is malaria treated?,diseases
What are the side effects of medications to treat malaria?,diseases
Can I prevent malaria?,diseases
What is the outlook for people who have malaria?,diseases
When should I see my healthcare provider about malaria?,diseases
What is rabies?,diseases
What are the symptoms of rabies?,diseases
How is rabies treated?,diseases
How dangerous is rabies if it is not treated?,diseases
Is the rabies vaccine safe?,diseases
How can I prevent rabies?,diseases
What other steps can I take to reduce the chance of exposure to rabies?,diseases
What are the immediate steps I need to take in case of an animal bite?,diseases
What is the thyroid?,diseases
What does the thyroid do?,diseases
What is thyroid disease?,diseases
Who is affected by thyroid disease?,diseases
What causes thyroid disease?,diseases
Is there a higher risk of developing thyroid disease if I have diabetes?,diseases
What common symptoms can happen with thyroid disease?,diseases
Can thyroid issues make me lose my hair?,diseases
Can thyroid issues cause seizures?,diseases
How is thyroid disease diagnosed?,diseases
How is thyroid disease treated?,diseases
Are there different types of thyroid removal surgery?,diseases
How long does it take to recover from thyroid surgery (thyroidectomy)?,diseases
How long after my thyroid is removed will my tiredness go away?,diseases
"If part of my thyroid is surgically removed, will the other part be able to make enough thyroid hormones to keep me off of medication?",diseases
Can I check my thyroid at home?,diseases
Should I exercise if I have a thyroid disease?,diseases
Can I live a normal life with a thyroid disease?,diseases
What are the predisposing factors of stroke (cerebrovascular disease) in humans?,diseases
What are the symptoms of diabetes mellitus? What causes it?,diseases
What is the name of the specialist who deals with the diagnosis and treatment of cardiac disorders?,diseases
Which of the following is not a symptom of diabetes mellitus?,diseases
Why do diabetic patients often have cardiovascular disease?,diseases
Create a meal plan for someone who has celiac disease?,diseases
What is meant by the term acute coronary syndrome?,diseases
Clarice wants to assess her risk for coronary heart disease (CHD). Which of the following is a risk factor for CHD?,diseases
Which of the following are NOT risk factors for coronary heart disease?,diseases
Who would be most at risk for CHD when looking only at the type of work they do?,diseases
Is psoriasis of the liver hereditary?,diseases
What are the possible causes of asthma?,diseases
How does the term pharmacology differ from clinical pharmacology?,diseases
How does stress affect the heart's normal functioning?,diseases
What is the pathogenesis of diabetes?,diseases
What disorder is caused by inflammation of the facial nerve?,diseases
What are some current treatments for diabetes?,diseases
How common is gestational diabetes? How can it be diagnosed?,diseases
Is diabetes a viral disease?,diseases
Why is type 3c diabetes often mistaken for type 2 diabetes?,diseases
How beneficial is vigorous exercise for a diabetic person?,diseases
What are the two most common types of diabetes? How do they differ?,diseases
What is diabetes? How it is caused and what are its symptoms?,diseases
"When studying the disease process of asthma and treatment, what would be first-line medication for daily inhalers?",diseases
How would cardiac disease impact a patient's movement?,diseases
What kind of heart disease can an electrocardiogram not detect?,diseases
"What is role of IL4, IL5, and IL13 in development of asthma and worsening asthmatic symptoms?",diseases
What is seasonal influenza (flu)?,flu
How does CDC monitor the progress of the flu season?,flu
Can I get vaccinated and still get the flu?,flu
Are there new recommendations for the 2019-2020 influenza season?,flu
Will this season’s vaccine be a good match for circulating viruses?,flu
How much influenza vaccine is projected to be available for the 2019-2020 influenza season?,flu
What are the benefits of flu vaccination?,flu
Can the flu vaccine give me the flu?,flu
What kinds of flu vaccines are available?,flu
Who should get vaccinated this season?,flu
Who should not be vaccinated against seasonal flu?,flu
Why should I get my child vaccinated?,flu
When should I get vaccinated?,flu
Where can I get a flu vaccine?,flu
How effective is the flu vaccine?,flu
Does the flu vaccine work the same for everyone?,flu
"Besides vaccination, how can people protect themselves against the flu? ",flu
Vaccine Effectiveness – How Well Does the Flu Vaccine Work?,flu
Are any of the available flu vaccines recommended over the others?,flu
What is Live Attenuated Influenza Vaccine [LAIV] (The Nasal Spray Flu Vaccine)?,flu
What is quadrivalent vaccine?,flu
Why is a higher dose flu vaccine available for adults 65 and older?,flu
What are cell-based flu vaccines?,flu
What are recombinant flu vaccines?,flu
What is a jet injector and how is it used for vaccination?,flu
What are flu vaccines with adjuvant?,flu
Are seasonal flu vaccines safe?,flu
Do flu vaccines cause any side effects?,flu
Is it safe for pregnant women to get a seasonal flu shot?,flu
Is there an increased risk for febrile seizures after a child receives a flu shot?,flu
What is being done to improve flu vaccines?,flu
What is CDC currently doing to support the development of a universal flu vaccine?,flu
What should I do if I get sick?,flu
How do I know if I have the flu?,flu
What are the emergency warning signs of flu sickness?,flu
What is the difference between a cold and the flu?,flu
What are antiviral drugs?,flu
What are the benefits of antiviral drugs?,flu
What is antiviral resistance?,flu
What is the difference between flu and COVID-19?,flu
Does the flu shot increase your risk of getting COVID-19?,flu
Do other respiratory viruses circulate during the flu season?,flu
What is Guillain-Barré syndrome (GBS)?,flu
Should people with HIV/AIDS receive the inactivated influenza vaccine (flu shot)?,flu
Should cancer patients and survivors get a flu shot?,flu
Why should health care workers get vaccinated?,flu
How many health care workers got vaccinated last season?,flu
What is CDC’s position on mandating flu vaccination for health care workers?,flu
Does CDC offer information for vaccine dosage and administration for health care workers?,flu
What is swine flu?,flu
How does swine flu spread among pigs?,flu
What is a variant influenza virus?,flu
What is H3N2v?,flu
How can a person catch a flu virus from a pig?,flu
How do people get infected with bird flu viruses?,flu
What is H7N9?,flu
What is influenza (flu)?,flu
What are the symptoms of influenza (flu)?,flu
How can you tell the difference between a common cold and influenza (flu)?,flu
When should you contact your doctor about influenza (flu)?,flu
How is influenza (flu) treated?,flu
Can you get medicine for influenza (flu)?,flu
Can you prevent influenza (flu)?,flu
Who should get the flu vaccine?,flu
Who shouldn’t get the flu vaccine?,flu
When should you get the flu vaccine?,flu
Why is influenza (flu) more dangerous for elderly or chronically ill people?,flu
When should you contact your healthcare provider if you have influenza (flu)?,flu
When should you go back to work or school if you have had the flu?,flu
What should my daily intake of calories be?,food and diet
Why should I change my diet after a heart attack?,food and diet
What is the glycaemic index (GI)?,food and diet
Do I need vitamin supplements?,food and diet
How can I find a registered dietitian or nutritionist?,food and diet
How can I gain weight safely?,food and diet
Can eating too much black liquorice be bad for you?,food and diet
Can reheating rice cause food poisoning?,food and diet
What is Down Syndrome?,genetic disorder
Are there different types of Down syndrome?,genetic disorder
How common is Down syndrome?,genetic disorder
What are the risk factors for having Down syndrome?,genetic disorder
What causes Down syndrome?,genetic disorder
What are the signs and symptoms of Down syndrome?,genetic disorder
Is there a way to know if our baby will have Down syndrome?,genetic disorder
What if we find out that our unborn baby has Down syndrome?,genetic disorder
How is Down syndrome treated?,genetic disorder
What other medical conditions are associated with Down syndrome?,genetic disorder
Is there a cure for Down syndrome or can it go away in time?,genetic disorder
Can Down syndrome be prevented?,genetic disorder
What is the outlook for people with Down syndrome?,genetic disorder
How long do people with Down syndrome live?,genetic disorder
Are people who have Down syndrome at greater risk for developing Alzheimer's disease?,genetic disorder
What resources available for people with Down syndrome and their families?,genetic disorder
Down syndrome and Turner syndrome are examples of genetic disorders. Does HIV/AIDS fall into this same category?,genetic disorder
How is sickle cell anemia inherited?,genetic disorder
"Hemophilia in humans is a recessive sex-linked disorder carried on the X chromosome. If a man with hemophilia and a woman who is a carrier have children, which outcome is possible?",genetic disorder
What are inherited and/or acquired factors that contribute to autism spectrum disorders (ASD) and attention-deficit/hyperactivity disorder (ADHD)?,genetic disorder
Could an epileptic child have autism as well?,genetic disorder
Who is most at risk for autism?,genetic disorder
What genetic mutation causes asthma?,genetic disorder
What genetic mutation causes congenital heart disease?,genetic disorder
What genetic mutation causes celiac disease?,genetic disorder
Is duplication a genetic mutations?,genetic disorder
Are all genetic disorders mutations?,genetic disorder
What are any three challenges that adults with autism spectrum disorder face?,genetic disorder
What is the current position regarding the etiology of autism spectrum disorder?,genetic disorder
What psychological framework underlies the treatment of autism spectrum disorder?,genetic disorder
Is autism a new disease?,genetic disorder
What is the spectrum of autism?,genetic disorder
How are many genetic disorders now identified?,genetic disorder
Are fine and gross motor skills commonly affected in autism?,genetic disorder
Does autism affect fine motor skills?,genetic disorder
What is the best treatment for autism and how effective is it?,genetic disorder
What are some of the proposed causes of autism?,genetic disorder
What are the types of autism?,genetic disorder
Is alcoholic cardiomyopathy genetic?,genetic disorder
"Why do so many people believe there is a link between autism and the measles, mumps, and rubella vaccine?",genetic disorder
What are the symptoms of Autism Spectrum Disorder?,genetic disorder
How does autism affect social interaction?,genetic disorder
Do children with autism display egoism?,genetic disorder
How does autism impact learning and cognitive development?,genetic disorder
What are 3 major symptoms of autism?,genetic disorder
Why does genetic mutation not include RNA?,genetic disorder
What type of genetic mutation is progeria?,genetic disorder
What genetic mutation causes prostate cancer?,genetic disorder
What genetic mutation causes retinitis pigmentosa?,genetic disorder
What genetic mutation causes holoprosencephaly?,genetic disorder
Are females or males more likely to be diagnosed with Autism?,genetic disorder
What is migraine rescue?,headache
What are abortive medications?,headache
What are preventative medications?,headache
Are there non-medication therapies for headaches?,headache
Does biofeedback work?,headache
Do over-the-counter headache medicines work?,headache
How important are lifestyle changes?,headache
How do you stop a migraine?,headache
Are migraines hereditary?,headache
What is a migraine trigger?,headache
Does migraine lead to stroke?,headache
What causes migraines?,headache
How do you prevent headaches?,headache
Is my headache a migraine?,headache
What is a cluster headache?,headache
What is a migraine aura?,headache
What is a complicated migraine?,headache
What is ophthalmic migraine?,headache
What is a migraine equivalent?,headache
What is a hypnic headache?,headache
What is hemicrania continua?,headache
What is temporal arteritis?,headache
What is paroxysmal hemicrania?,headache
What is SUNCT syndrome?,headache
What is menstrual migraine?,headache
What is a tension headache?,headache
Do we outgrow migraines?,headache
Are migraines dangerous?,headache
Do migraines go away with menopause?,headache
Can children get migraines?,headache
How common are headaches in adults?,headaches
What are the types of headaches?,headaches
Are headaches hereditary?,headaches
What causes headaches?,headaches
What causes migraines?,headaches
What triggers headaches and migraines?,headaches
What do headaches feel like?,headaches
What headache symptoms require immediate medical care?,headaches
How are headaches evaluated and diagnosed?,headaches
How are headaches treated?,headaches
How can I prevent headaches?,headaches
Can headaches or migraines be cured?,headaches
What if treatment doesn’t work?,headaches
When should I see my healthcare provider?,headaches
Are there any headache remedies I can try at home?,headaches
What’s a migraine? What does a migraine feel like?,headaches
What are the types of headaches? What type of headache is a migraine?,headaches
What is an aura?,headaches
What are the types of migraines?,headaches
What are the four stages or phases of a migraine? What’s the timeline?,headaches
How common are migraine headaches?,headaches
Who gets migraines? What are the risk factors?,headaches
How often do migraines happen?,headaches
Are migraines hereditary?,headaches
Can children get migraines?,headaches
Who should I see about my migraine pain?,headaches
"Do migraines cause permanent brain damage? If I have migraines, does that mean I’ll get another disease?",headaches
What are the symptoms of migraines?,headaches
What causes a migraine?,headaches
What triggers a migraine?,headaches
What’s a migraine journal?,headaches
How are migraines diagnosed?,headaches
What symptoms must you have to be diagnosed with a migraine?,headaches
Are migraines misdiagnosed?,headaches
How are migraines treated?,headaches
What medications are used to relieve migraine pain?,headaches
What’s biofeedback?,headaches
Are there surgical procedures that relieve migraines?,headaches
What are the treatment options for migraine headaches during pregnancy?,headaches
Can migraine headaches be prevented?,headaches
What is the prognosis (outlook) for people with migraines?,headaches
Is there a cure for migraines?,headaches
How long will I have migraine headaches?,headaches
"When should I seek immediate help, or contact my healthcare provider?",headaches
What questions should I ask my healthcare provider?,headaches
What is Hospice Care?,hospice care
Am I Eligible for Hospice Care?,hospice care
When Should I Start Hospice Care?,hospice care
What Services Does Hospice Care Provide?,hospice care
Where Does Hospice Take Place?,hospice care
Should I Include Hospice Care in My Advanced Care Planning?,hospice care
Do I Have to Stop Other Medication If I’m in Hospice?,hospice care
Will My Insurance Cover Hospice Care?,hospice care
Does Hospice Include 24/7 Care?,hospice care
How Does Hospice Benefit People with Advanced Dementia?,hospice care
What Are the Benefits of Using Hospice Care?,hospice care
Can clothes and towels spread germs?,infections
How long is someone infectious after a viral infection?,infections
How long will I be infectious after starting antibiotics?,infections
How should I collect and store a poo (stool) sample?,infections
How should I collect and store a pee (urine) sample?,infections
Can a hospital patient with MRSA infection have visitors?,infections
Is pneumonia contagious?,infections
What is the risk of infection from someone else's blood?,infections
What is blood pressure?,lifestyle
What are the health risks of smoking?,lifestyle
What are the health benefits of losing weight?,lifestyle
What is the body mass index (BMI)?,lifestyle
How can I work out my body mass index (BMI)?,lifestyle
Why is my waist size important?,lifestyle
Are sunbeds safe?,lifestyle
Can I go swimming after a piercing?,lifestyle
Am I more at risk if my relatives have cancer?,lifestyle
When can I fly after a heart attack?,lifestyle
Can damp and mould affect my health?,lifestyle
What is vitamin D deficiency?,lifestyle
Why is vitamin D so important?,lifestyle
What are the health effects of vitamin D deficiency?,lifestyle
What are the sources of vitamin D?,lifestyle
What does sunlight have to do with getting enough vitamin D?,lifestyle
What does your diet have to do with getting enough vitamin D?,lifestyle
How much vitamin D do you need?,lifestyle
What causes vitamin D deficiency?,lifestyle
What other factors can lead to vitamin D deficiency?,lifestyle
Can medications cause a vitamin D deficiency?,lifestyle
What are the signs and symptoms of vitamin D deficiency?,lifestyle
How is a vitamin D deficiency diagnosed?,lifestyle
What do vitamin D test results mean?,lifestyle
How often do you need to get your vitamin D levels checked?,lifestyle
How is vitamin D deficiency treated?,lifestyle
Can you ever have too much vitamin D?,lifestyle
How can I help prevent vitamin D deficiency?,lifestyle
What is the holistic system of medicine based on the healing power of nature?,lifestyle
What should I do if I miss a dose of antibiotics?,medicine
Can I drink alcohol while taking antibiotics?,medicine
When can I drink alcohol after finishing metronidazole?,medicine
Can I take paracetamol if I'm on antibiotics?,medicine
Can I take paracetamol and ibuprofen together?,medicine
Can I take paracetamol or ibuprofen with cough or cold medicines?,medicine
Can I drink alcohol if I'm taking painkillers?,medicine
Can I take cough and cold remedies while I'm breastfeeding?,medicine
Can I take hay fever medicine if I'm breastfeeding?,medicine
Can I take ibuprofen while I'm breastfeeding?,medicine
Can I take paracetamol while I'm breastfeeding?,medicine
Can I drink alcohol if I'm taking antidepressants?,medicine
What are side effects?,medicine
Why must some medicines be taken on an empty stomach?,medicine
Why must some medicines be taken with or after food?,medicine
Why do medicines have expiry dates?,medicine
Can I crush medicines before taking them?,medicine
Does grapefruit affect my medicine?,medicine
Does cannabis interact with antidepressants or lithium?,medicine
Can I take medicine before having a blood test?,medicine
Can I take my medicine abroad?,medicine
Where can I get an emergency supply of medicine?,medicine
How long is a prescription valid for?,medicine
Why can't hydrocortisone cream be used on the face?,medicine
Can I take anti-malaria medication if I'm trying for a baby?,medicine
Can post-exposure prophylaxis (PEP) stop me getting HIV?,medicine
Why can't I get a prescription for an over-the-counter medicine?,medicine
How can I improve my chances of becoming a dad?,men's health
Why is my penis smelly and sore?,men's health
What is this lump on my penis?,men's health
Is it normal to have a curved penis?,men's health
Why can I not get and keep an erection?,men's health
What should I do if my penis is torn?,men's health
What should I do if my erection will not go down?,men's health
What should my testicles look and feel like?,men's health
Why should I avoid sexual activity before a PSA test?,men's health
What is gynaecomastia?,men's health
What is bipolar disorder?,mental health
Who experiences bipolar disorder?,mental health
What causes bipolar disorder?,mental health
What are the symptoms of bipolar disorder?,mental health
How is bipolar disorder diagnosed?,mental health
What are the treatments for bipolar disorder?,mental health
Can bipolar disorder be prevented?,mental health
What can I expect after treatment?,mental health
What is depression?,mental health
How common is depression?,mental health
What are the types of depression?,mental health
What causes depression?,mental health
What are the symptoms of depression?,mental health
How is depression syndrome diagnosed?,mental health
How is depression syndrome treated?,mental health
Who is at risk for depression?,mental health
Can depression be prevented?,mental health
What’s the outlook for people with depression?,mental health
What can I do if I have depression?,mental health
What is an eating disorder?,mental health
How common are eating disorders?,mental health
What are the types of eating disorders?,mental health
Who is at risk for eating disorders?,mental health
What causes eating disorders?,mental health
What are the symptoms of eating disorders?,mental health
How is an eating disorder diagnosed?,mental health
What are the complications of eating disorders?,mental health
How are eating disorders managed or treated?,mental health
How can I prevent an eating disorder?,mental health
What is the prognosis (outlook) for people who have eating disorders?,mental health
When should I call the doctor?,mental health
What questions should I ask my doctor?,mental health
What is schizophrenia?,mental health
How common is schizophrenia?,mental health
Who gets schizophrenia?,mental health
"What is ""paranoid schizophrenia?""",mental health
What causes schizophrenia?,mental health
What kind of symptoms might people with schizophrenia have?,mental health
How is schizophrenia diagnosed?,mental health
Can schizophrenia be treated?,mental health
Where can I learn more?,mental health
What is post-traumatic stress disorder?,mental health
How common is PTSD?,mental health
Are some people more likely to develop PTSD than others?,mental health
What causes PTSD?,mental health
What are the symptoms of PTSD?,mental health
How does PTSD affect your life?,mental health
How is PTSD diagnosed?,mental health
What is the outlook for people with PTSD?,mental health
What else can I do to cope?,mental health
When should I seek immediate care?,mental health
What is substance abuse disorder (drug addiction)?,mental health
What are drugs of abuse?,mental health
Why do people with substance use disorder need more and more drugs over time?,mental health
Who is at risk for substance use disorder?,mental health
How common is substance use disorder?,mental health
How might substance use disorder affect me?,mental health
Why do people take drugs?,mental health
What are symptoms of substance use disorder?,mental health
How is substance use disorder diagnosed?,mental health
What are treatments for drug addiction?,mental health
What medications are available to help with substance use disorder?,mental health
Is treatment for drug addiction inpatient or outpatient?,mental health
Is there a cure for substance use disorder?,mental health
Can I prevent substance use disorder?,mental health
Are there conditions that raise the risk for substance use disorder?,mental health
What is the outlook for people with substance use disorder?,mental health
Are there long-term effects of addiction?,mental health
Can addiction come back?,mental health
Is drug addiction fatal?,mental health
How can I best take care of myself?,mental health
What else should I ask my healthcare provider?,mental health
How does acupuncture help anxiety and depression?,mental health
Do steroids decrease optic nerve inflammation?,miscellaneous
Is optic nerve drusen caused by head injury?,miscellaneous
Does optic nerve drusen cause blindness?,miscellaneous
Does optic nerve drusen cause glaucoma?,miscellaneous
Does optic nerve drusen cause vision loss?,miscellaneous
Are optic nerve atrophy and rod cone disease similar?,miscellaneous
Why does the macula swell?,miscellaneous
Is macula edema normal for retinopathy?,miscellaneous
Does inflammation of the macula cause eye pain?,miscellaneous
Does the eye macula heal itself?,miscellaneous
What is believed to be the pathophysiologic mechanism that underlines acute colonic pseudo-obstruction?,miscellaneous
What is stimming?,miscellaneous
What is congestive heart failure?,miscellaneous
What body system is affected by asthma? What are the normal functions of that system? How the functions are normally regulated?,miscellaneous
What is considered to be a normal PSA level?,miscellaneous
"What is the motivating operation that decreases the reinforcing effectiveness of a stimulus, object, or event?",miscellaneous
Which trisomy is associated with molar pregnancy?,miscellaneous
What does alcoholic cardiomyopathy feel like?,miscellaneous
What is alcoholic cardiomyopathy?,miscellaneous
Why does the left ventricle dilate in alcoholic cardiomyopathy?,miscellaneous
What are the symptoms of alcoholic cardiomyopathy?,miscellaneous
Does alcoholic cardiomyopathy cause the heart to enlarge?,miscellaneous
How common is alcoholic cardiomyopathy?,miscellaneous
How is alcoholic cardiomyopathy diagnosed?,miscellaneous
How much alcohol causes alcoholic cardiomyopathy?,miscellaneous
Is alcoholic cardiomyopathy reversible?,miscellaneous
What is social psychopharmacology?,miscellaneous
Which is not an economic classification of a drug?,miscellaneous
What are the parents genotypes for the gene responsible for CNM?,miscellaneous
What is delusional disorder? What are some forms of treatment?,miscellaneous
How might assigning a sexual dysfunction diagnosis to a non-distressed individual impact his or her well-being?,miscellaneous
How does the practice of malingering influence a psychologist?,miscellaneous
What is malingering? Why might it be important to evaluate malingering in a psychological or neuropsychological evaluation?,miscellaneous
Which H1 antihistamine has the strongest anti-emetic effects?,miscellaneous
What are the benefits of using complementary and alternative therapies in treating illness and pain?,miscellaneous
Why might one's eyes become red in summer?,miscellaneous
How is sexual dysfunction men and women treated?,miscellaneous
Who is affected by sexual problems?,miscellaneous
What is sexual dysfunction in men and women?,miscellaneous
What are the characteristics of the various sexual dysfunctions?,miscellaneous
What are the pathological processes associated with the death of the heart muscle?,miscellaneous
Which of the following structures is not associated with the right atrium?,miscellaneous
Where are the spermatozoa produced in the scrotum?,miscellaneous
What is an ectopic pacemaker? What would be the effect on the heart rate if an ectopic pacemaker took over for the SA node?,miscellaneous
What is inflammation of the inner lining of the heart called?,miscellaneous
How do digestion disorders impact the nutritional status of an individual?,miscellaneous
Is acupuncture an evidence-based practice?,miscellaneous
What health situation occurs when blood flow to a part of the cardiac muscle is blocked?,miscellaneous
What happens when someone eats a high glycemic diet that leads to large amounts of glucose in the blood?,miscellaneous
"For the Systemic primary deficiency (SPCD), what are a few of the Cellular Effects of Treatments?",miscellaneous
Which of the following opioid analgesics can produce an increase in the pulmonary arterial pressure and myocardial work?,miscellaneous
What are the possible effects of hydralazine (a vasodilator)?,miscellaneous
Which of the following changes can one look for with respect to potential gene targets?,miscellaneous
What are some common plant species that humans are allergic to?,miscellaneous
How do persons with paranoid psychosis usually respond to suggestions that they need treatment?,miscellaneous
What would happen to the heart (and the rest of the body) over a period of time if a partial blockage of the aortic semilunar valve occurred?,miscellaneous
Does conjunctiva cover the sclera?,miscellaneous
Are the sclera and cornea part of the conjunctiva?,miscellaneous
Can I eat and drink before having a blood test?,"operations, tests and procedures"
How can I find out my blood type (blood group)?,"operations, tests and procedures"
Can I eat or drink before an operation?,"operations, tests and procedures"
Should I stop taking antiplatelet medicines such as aspirin before minor surgery?,"operations, tests and procedures"
How long should I wear compression stockings after surgery?,"operations, tests and procedures"
Is it better to have a bath or shower after surgery?,"operations, tests and procedures"
How soon can I go swimming after surgery?,"operations, tests and procedures"
Do I need to change my diet after gallbladder surgery?,"operations, tests and procedures"
What do cancer stages and grades mean?,"operations, tests and procedures"
What is one of the most common side effects of terbutaline?,pregnancy
How will I feel when I'm pregnant?,pregnancy
What if I have any bleeding during my pregnancy?,pregnancy
Why do I need a midwife?,pregnancy
When should I arrange to see a midwife?,pregnancy
Can I exercise when pregnant?,pregnancy
How much exercise should I do?,pregnancy
How do I get a midwife?,pregnancy
Is it true I can get free dental care when I'm pregnant?,pregnancy
What should I eat when pregnant?,pregnancy
What foods should I avoid during pregnancy?,pregnancy
What other pre-natal vitamins or supplements do I need?,pregnancy
Why should I be taking folic acid tablets?,pregnancy
How much caffeine can I have during pregnancy?,pregnancy
Can I drink alcohol while I'm pregnant?,pregnancy
What about smoking and pregnancy?,pregnancy
What can I do if my back or hips are sore?,pregnancy
When will I start to feel the baby kicking?,pregnancy
How long does it usually take to get pregnant?,pregnancy
Can I get pregnant if I have sex without penetration?,pregnancy
Can I get pregnant just after my period has finished?,pregnancy
Can thrush harm my baby during pregnancy?,pregnancy
How much weight will I put on during my pregnancy?,pregnancy
Is it safe to use hair dye when I'm pregnant or breastfeeding?,pregnancy
Are sunbeds safe to use during pregnancy?,pregnancy
Is it safe to use a sauna or jacuzzi if I'm pregnant?,pregnancy
Is it safe to use fake tan during pregnancy?,pregnancy
Can paint fumes affect my unborn baby?,pregnancy
Is it safe to breastfeed if I have diarrhoea and vomiting?,pregnancy
What if I'm pregnant and I haven't had chickenpox?,pregnancy
How is chickenpox treated during pregnancy?,pregnancy
What are the risks of toxoplasmosis during pregnancy?,pregnancy
What are the risks of MRSA during pregnancy?,pregnancy
What are the risks of group B streptococcus (GBS) infection during pregnancy?,pregnancy
Is my unborn baby at risk of early-onset group B streptococcus (GBS) infection?,pregnancy
Are complementary therapies safe during pregnancy?,pregnancy
What complications can affect the placenta?,pregnancy
Can HIV be passed to an unborn baby in pregnancy or through breastfeeding?,pregnancy
When will my periods start again after pregnancy?,pregnancy
How soon can I use tampons after giving birth?,pregnancy
When will my periods return after a miscarriage?,pregnancy
What is female infertility?,pregnancy
How common is female infertility?,pregnancy
What causes female infertility?,pregnancy
Who is at risk for female infertility?,pregnancy
How does age impact female infertility?,pregnancy
What will my doctor ask during an appointment to diagnose female infertility?,pregnancy
What tests will my healthcare provider run to diagnose female infertility?,pregnancy
How is female infertility treated?,pregnancy
Can female infertility be prevented?,pregnancy
What is the outlook for female infertility?,pregnancy
When should I see my doctor about female infertility?,pregnancy
What are the early signs of pregnancy — and when will I notice them?,pregnancy
What are the odds of a false positive or a false negative on a pregnancy test?,pregnancy
Is it possible to be pregnant and not know it?,pregnancy
Is it really that dangerous to get pregnant after 35?,pregnancy
Is it safe to exercise during pregnancy?,pregnancy
What's the deal with eating fish during pregnancy?,pregnancy
Can I drink caffeine while pregnant?,pregnancy
Do I really get to eat for two during pregnancy?,pregnancy
Is it safe to fly while pregnant?,pregnancy
Why do some people have really small baby bumps?,pregnancy
Is an ultrasound the only way to find out the baby's sex?,pregnancy
Is it dangerous for me to sleep on my back while pregnant?,pregnancy
Why does pregnancy cause gas and digestive issues?,pregnancy
Is it safe to get a flu shot when you're pregnant?,pregnancy
Why do I feel so tired while pregnant?,pregnancy
Why am I having pregnancy cravings?,pregnancy
"Is ""pregnancy brain"" real?",pregnancy
Will I really have a bowel movement when I give birth?,pregnancy
Is there any way to prevent stretch marks?,pregnancy
Will my vagina always be different after delivery?,pregnancy
When can I start having sex after giving birth?,pregnancy
What are the early signs of pregnancy — and when will I notice them?,pregnancy
What are the odds of a false positive or a false negative on a pregnancy test?,pregnancy
Is it possible to be pregnant and not know it?,pregnancy
Is it really that dangerous to get pregnant after 35?,pregnancy
Is it safe to exercise during pregnancy?,pregnancy
What's the deal with eating fish during pregnancy?,pregnancy
Can I drink caffeine while pregnant?,pregnancy
Do I really get to eat for two during pregnancy?,pregnancy
Is it safe to fly while pregnant?,pregnancy
Why do some people have really small baby bumps?,pregnancy
Is an ultrasound the only way to find out the baby's sex?,pregnancy
Is it dangerous for me to sleep on my back while pregnant?,pregnancy
Why does pregnancy cause gas and digestive issues?,pregnancy
Is it safe to get a flu shot when you're pregnant?,pregnancy
Why do I feel so tired while pregnant?,pregnancy
Why am I having pregnancy cravings?,pregnancy
"Is ""pregnancy brain"" real?",pregnancy
Will I really have a bowel movement when I give birth?,pregnancy
Is there any way to prevent stretch marks?,pregnancy
Will my vagina always be different after delivery?,pregnancy
When can I start having sex after giving birth?,pregnancy
Can I access someone else's medical records (health records)?,services and treatments
Can I access the medical records (health records) of someone who has died?,services and treatments
Can I choose to see a male or female GP?,services and treatments
How do I register as a temporary resident with a GP?,services and treatments
How can I see a GP if I'm away from home?,services and treatments
How do I change my GP?,services and treatments
Do I need a GP referral for private treatment?,services and treatments
Can I choose where to receive treatment?,services and treatments
How do I organise transport to and from hospital?,services and treatments
Do I have the right to refuse treatment?,services and treatments
What is PALS (Patient Advice and Liaison Service)?,services and treatments
What is an orgasm?,sexual health
What is oral sex?,sexual health
What infections can I catch through oral sex?,sexual health
Are sex toys safe?,sexual health
Am I masturbating too much and can it be bad for me?,sexual health
Is masturbation normal?,sexual health
Can you become addicted to sex?,sexual health
Why does sex hurt?,sexual health
Is sex painful the first time?,sexual health
Does a woman always bleed when she has sex for the first time?,sexual health
Can you have sex during a period?,sexual health
Does anal sex have any health risks?,sexual health
Can premature ejaculation be controlled?,sexual health
What can cause orgasm problems in men?,sexual health
What can cause orgasm problems in women?,sexual health
What does a sex therapist do?,sexual health
Can a man catch thrush from a female partner?,sexual health
What should I do if I think I've got an STI?,sexual health
How soon do STI symptoms appear?,sexual health
What services do sexual health clinics (GUM clinics) provide?,sexual health
Will I be tested for chlamydia during my smear test?,sexual health
Should trans men have cervical screening tests?,sexual health
What's the difference between HPV and HIV?,sexual health
Can you catch HIV from kissing?,sexual health
Can HIV be transmitted through oral sex (fellatio and cunnilingus)?,sexual health
Do condoms always prevent HIV transmission?,sexual health
What is the life expectancy for someone with HIV?,sexual health
When is it safe to have sex after an abortion?,sexual health
Can I travel on a plane if I have a plaster cast?,travel health
How can I delay my period?,travel health
Is it safe to fly with a perforated eardrum?,travel health
What is a common adverse effect of beta blocker drugs?,treatment
Nitroglycerin (used medically as a vasodilator to treat heart conditions). Explain?,treatment
Which of the following M-cholinoblocking agents is used especially as an anti-asthmatic?,treatment
How can I tell when I'm ovulating?,women's health
What causes bleeding between periods?,women's health
What if I forget to remove my tampon?,women's health
Can a tampon get lost inside me?,women's health
What causes a woman to bleed after sex?,women's health
Can having an abortion affect my fertility?,women's health
How should I check my breasts?,women's health
What are pelvic floor exercises?,women's health
What is abnormal menstruation?,women's health
What causes abnormal menstruation (periods)?,women's health
How is abnormal menstruation (periods) diagnosed?,women's health
How is abnormal menstruation (periods) treated?,women's health
How can the risk of abnormal menstruation (periods) be reduced?,women's health
What is a urinary tract infection (UTI)?,women's health
What causes a urinary tract infection (UTI)?,women's health
What are symptoms of a urinary tract infection (UTI)?,women's health
What diagnostic tests will my child undergo?,women's health
What treatments/management approaches will be considered to care for my child?,women's health
When will my child be ready for discharge?,women's health
What will be the follow up for my child after discharge?,women's health
When should a child be hospitalized for UTI?,women's health
When should you call your healthcare provider?,women's health
What is menopause?,women's health
Why does menopause happen?,women's health
What are the hormonal changes during menopause?,women's health
How does natural menopause occur?,women's health
How long does perimenopause (the menopause transition) last?,women's health
What is premature menopause?,women's health
What are the symptoms of menopause?,women's health
What are hot flashes and how long will I have them?,women's health
What triggers a hot flash?,women's health
Can menopause cause facial hair growth?,women's health
Is having a hard time concentrating and being forgetful a normal part of menopause?,women's health
Can menopause cause depression?,women's health
Are there any other emotional changes that can happen during menopause?,women's health
How does menopause affect my bladder control?,women's health
Will I start menopause if I have a hysterectomy?,women's health
How is menopause diagnosed?,women's health
Can menopause be treated?,women's health
What is hormone therapy?,women's health
Are there any risks related to hormone therapy?,women's health
What are non-hormonal therapies for menopause?,women's health
Can my doctor prescribe non-hormonal medications?,women's health
Can I get pregnant during menopause?,women's health
What are the long-term health risks associated with menopause?,women's health
Will hormone therapy help prevent long-term health risks?,women's health
How do I know if changes in my periods are normal perimenopausal symptoms or something to be concerned about?,women's health
Can menopause affect sleep?,women's health
Can menopause affect my sex life?,women's health
Do all menopausal women experience a decrease in sexual desire?,women's health
Will I still enjoy sex after menopause?,women's health
Can menopause be a positive time of life?,women's health